Matthew,"K Motionz",6
Matthew,"Sub Focus",5
Matthew,Boomtown,6
Matthew,"The Blast - Andy C",3
Matthew,"Sub Focus",1
Matthew,"Wide Eyes - DJ Hazard",1
Matthew,"Wide Eyes - DJ Hazard",1
Matthew,"Wide Eyes - DJ Hazard",1
Matthew,"Wide Eyes - DJ Hazard",1
Matthew,"Wide Eyes - DJ Hazard",1
Matthew,"Wide Eyes - DJ Hazard",1
Matthew,"Wide Eyes - DJ Hazard",1
Matthew,"Wide Eyes - DJ Hazard",1
Matthew,"Wide Eyes - DJ Hazard",1
Matthew,"Wide Eyes - DJ Hazard",1
Matthew,"Wide Eyes - DJ Hazard",1
Matthew,"Wide Eyes - DJ Hazard",1
Matthew,"Wide Eyes - DJ Hazard",1
Matthew,"Sub Focus",6
Matthew,"Sub Focus",1
